Entity,Code,Year,Land use of milks (m2),GHG emissions of milks (kg CO2eq),Water use of milks (L),Eutrophication from milks (g PO43-eq)
Almond milk,,2013,0.496359329,0.702077383,371.4593343,1.50290777
Dairy milk,,2013,8.95,3.15,628.2,10.65
Oat milk,,2013,0.76,0.903126194,48.24,1.622562983
Rice milk,,2013,0.336,1.181659182,269.808,4.69270482
Soy milk,,2013,0.66,0.98,27.8,1.06